<?xml version="1.0" encoding="UTF-8"?>
<!DOCTYPE mapper PUBLIC "-//mybatis.org//DTD Mapper 3.0//EN" "http://mybatis.org/dtd/mybatis-3-mapper.dtd">
<mapper namespace="local">


<!-- 관광지-->
	<select id="listdestination" resultType="local_touristdestinationVO" parameterType="pageVO" >
		select name, category, img from 
		(
		select ROW_NUMBER() over (order by num desc) as id, t.* from touristdestination t
		) t2
		where t2.id between #{start} and #{end}
	</select>
	
 	<select id="onedestination" resultType="local_touristdestinationVO" parameterType="local_touristdestinationVO">
		select * from touristdestination where name = #{name}
 	</select>
 	
 	<select id="listdestination2" resultType="local_touristdestinationVO" parameterType="local_touristdestinationVO">
		select name, category, num, img, latitude, longtitude from touristdestination where category = #{category}
 	</select>
 	
 	<select id="count" resultType="Integer">
		select count(*) from touristdestination
	</select>
	
	
 <!-- 음식점 -->
 	<select id="listrestaurant" resultType="local_restaurantVO" parameterType="pageVO">
		select name, category, img from 
		(
		select ROW_NUMBER() over (order by num desc) as id, r.* from restaurant r
		) r2
		where r2.id between #{start} and #{end}
 	</select>
 	
 	<select id="listrestaurant2" resultType="local_restaurantVO" parameterType="local_restaurantVO" >
		select name, category, num, img, latitude, longtitude from restaurant where category = #{category}
 	</select>
 	
 	<select id="onerestaurant" resultType="local_restaurantVO" parameterType="local_restaurantVO">
		select * from restaurant where name = #{name}
 	</select>
 	
 	<select id="count2" resultType="Integer">
		select count(*) from restaurant
	</select>
 	
 <!-- 숙박 -->
 	<select id="listaccommodation" resultType="local_accommodationVO" parameterType="pageVO">
		select name, category, img from 
		(
		select ROW_NUMBER() over (order by num desc) as id, a.* from accommodation a
		) a2
		where a2.id between #{start} and #{end}
 	</select>
 	
 	<select id="listaccommodation2" resultType="local_accommodationVO" parameterType="local_accommodationVO">
		select name, category, num, img, latitude, longtitude from accommodation where category = #{category}
 	</select>
 	
 	<select id="oneaccommodation" resultType="local_accommodationVO" parameterType="local_accommodationVO">
		select * from accommodation where name = #{name}
 	</select>
 	
 	<select id="count3" resultType="Integer">
		select count(*) from restaurant
	</select>

</mapper>