{"tfjsVersion":"1.3.1","tmVersion":"2.4.5","packageVersion":"0.8.4-alpha2","packageName":"@teachablemachine/image","timeStamp":"2023-01-17T05:23:47.240Z","userMetadata":{},"modelName":"tm-my-image-model","labels":["광안리해수욕장","국립부산과학관","롯데백화점","범어사","복천박물관","부산 가톨릭 특성화 거리","부산 기장도서관","부산 기장시장","부산 동구도서관","부산 복천동 고분군","부산 부전시장","부산 송도해수욕장","부산 암남공원","부산 영화의 전당","부산 올림픽동산","부산 자갈치시장","부산 차이나타운","부산광역시 금련산청소년수련원","부산근대역사관","다이아몬드타워_부산","부산동명불원","부산롯데월드","부산박물관","부산세관박물관","부산시립미술관","부산어린이대공원","부산어촌민속관","부산엑스더스카이","부산자유회관","부산종합운동장","부산진성공원","부산해양자연사박물관","부산현대미술관","선암사","송정해수욕장","스카이라인 루지","시그니엘 부산","신라스테이 서부산","신세계사이먼 부산 프리미엄 아울렛","아미산 전망대","웨스틴 조선 부산","충렬탑","태종대 전망대","해운대해수욕장"],"imageSize":224}